{"count":1,"self":1133.623808,"total":1937.192447,"children":{"InitializeActuators":{"count":1,"self":0.001197,"total":0.001197,"children":null},"InitializeSensors":{"count":1,"self":0.0011899999999999999,"total":0.0011899999999999999,"children":null},"AgentSendState":{"count":150103,"self":0.31437,"total":1.512025,"children":{"CollectObservations":{"count":30102,"self":0.25700999999999996,"total":0.25700999999999996,"children":null},"WriteActionMask":{"count":30102,"self":0.022553,"total":0.022553,"children":null},"RequestDecision":{"count":30102,"self":0.080569,"total":0.91809199999999991,"children":{"AgentInfo.ToProto":{"count":30102,"self":0.121419,"total":0.837523,"children":{"GenerateSensorData":{"count":30102,"self":0.716104,"total":0.716104,"children":null}}}}}}},"DecideAction":{"count":150103,"self":801.1933184,"total":801.19331,"children":null},"AgentAct":{"count":150103,"self":0.857111,"total":0.859433,"children":{"AgentInfo.ToProto":{"count":100,"self":0.000354,"total":0.002322,"children":{"GenerateSensorData":{"count":100,"self":0.0019679999999999997,"total":0.0019679999999999997,"children":null}}}}}},"gauges":{"RobotAgent.CumulativeReward":{"count":100,"max":264.487946,"min":-105.084122,"runningAverage":171.750626,"value":205.621429,"weightedAverage":193.57431}},"metadata":{"timer_format_version":"0.1.0","start_time_seconds":"1664353998","unity_version":"2020.3.16f1","command_line_arguments":"\/home\/mingrui\/Mingrui\/Research\/DLO\/project_journal_21\/shape_control_DLO_2\/env_dlo\/env_3D.x86_64 --mlagents-port 5005","communication_protocol_version":"1.5.0","com.unity.ml-agents_version":"2.1.0-exp.1","scene_name":"rod_0_3D","end_time_seconds":"1664355935"}}